CREATE DATABASE  IF NOT EXISTS `batalha` /*!40100 DEFAULT CHARACTER SET utf8 */;
USE `batalha`;
-- MySQL dump 10.13  Distrib 5.6.24, for Win64 (x86_64)
--
-- Host: localhost    Database: batalha
-- ------------------------------------------------------
-- Server version	5.6.26-log

/*!40101 SET @OLD_CHARACTER_SET_CLIENT=@@CHARACTER_SET_CLIENT */;
/*!40101 SET @OLD_CHARACTER_SET_RESULTS=@@CHARACTER_SET_RESULTS */;
/*!40101 SET @OLD_COLLATION_CONNECTION=@@COLLATION_CONNECTION */;
/*!40101 SET NAMES utf8 */;
/*!40103 SET @OLD_TIME_ZONE=@@TIME_ZONE */;
/*!40103 SET TIME_ZONE='+00:00' */;
/*!40014 SET @OLD_UNIQUE_CHECKS=@@UNIQUE_CHECKS, UNIQUE_CHECKS=0 */;
/*!40014 SET @OLD_FOREIGN_KEY_CHECKS=@@FOREIGN_KEY_CHECKS, FOREIGN_KEY_CHECKS=0 */;
/*!40101 SET @OLD_SQL_MODE=@@SQL_MODE, SQL_MODE='NO_AUTO_VALUE_ON_ZERO' */;
/*!40111 SET @OLD_SQL_NOTES=@@SQL_NOTES, SQL_NOTES=0 */;

--
-- Table structure for table `categoria`
--

DROP TABLE IF EXISTS `categoria`;
/*!40101 SET @saved_cs_client     = @@character_set_client */;
/*!40101 SET character_set_client = utf8 */;
CREATE TABLE `categoria` (
  `ID` int(11) NOT NULL,
  `nome` varchar(255) NOT NULL,
  PRIMARY KEY (`ID`)
) ENGINE=InnoDB DEFAULT CHARSET=utf8;
/*!40101 SET character_set_client = @saved_cs_client */;

--
-- Dumping data for table `categoria`
--

LOCK TABLES `categoria` WRITE;
/*!40000 ALTER TABLE `categoria` DISABLE KEYS */;
INSERT INTO `categoria` VALUES (1,'AntWeight'),(2,'BeetleWeight'),(3,'HobbyWeight'),(4,'FeatherWeight'),(5,'LightWeight');
/*!40000 ALTER TABLE `categoria` ENABLE KEYS */;
UNLOCK TABLES;

--
-- Table structure for table `combate`
--

DROP TABLE IF EXISTS `combate`;
/*!40101 SET @saved_cs_client     = @@character_set_client */;
/*!40101 SET character_set_client = utf8 */;
CREATE TABLE `combate` (
  `ID` int(11) NOT NULL,
  `COMBATENTE1` int(11) NOT NULL,
  `COMBATENTE2` int(11) NOT NULL,
  `VENCEDOR` int(11) NOT NULL,
  `ANO` int(11) NOT NULL,
  `COMPETICAOID` int(11) NOT NULL,
  `Categoria` varchar(45) NOT NULL,
  PRIMARY KEY (`ID`),
  KEY `COMPETICAOID` (`COMPETICAOID`),
  KEY `COMBATENTE1` (`COMBATENTE1`),
  KEY `COMBATENTE2` (`COMBATENTE2`),
  CONSTRAINT `combate_ibfk_1` FOREIGN KEY (`COMPETICAOID`) REFERENCES `competicao` (`ID`),
  CONSTRAINT `combate_ibfk_2` FOREIGN KEY (`COMBATENTE1`) REFERENCES `robo` (`ID`),
  CONSTRAINT `combate_ibfk_3` FOREIGN KEY (`COMBATENTE2`) REFERENCES `robo` (`ID`)
) ENGINE=InnoDB DEFAULT CHARSET=utf8;
/*!40101 SET character_set_client = @saved_cs_client */;

--
-- Dumping data for table `combate`
--

LOCK TABLES `combate` WRITE;
/*!40000 ALTER TABLE `combate` DISABLE KEYS */;
INSERT INTO `combate` VALUES (1,102,71,71,2019,1,'1'),(2,82,71,82,2019,1,'1'),(3,102,161,102,2019,1,'1'),(4,50,161,50,2019,1,'1'),(5,102,203,203,2019,1,'1'),(6,212,50,212,2019,1,'1'),(7,240,50,240,2019,1,'1'),(8,71,50,50,2019,1,'1'),(9,240,230,240,2019,1,'1'),(10,146,230,230,2019,1,'1'),(11,168,230,168,2019,1,'1'),(12,203,230,230,2019,1,'1'),(13,212,168,168,2019,1,'1'),(14,146,168,168,2019,1,'1'),(15,198,168,168,2019,1,'1'),(16,212,169,212,2019,1,'1'),(17,132,169,169,2019,1,'1'),(18,132,83,83,2019,1,'1'),(19,112,148,148,2019,1,'1'),(20,198,148,198,2019,1,'1'),(21,82,206,82,2019,1,'1'),(22,241,206,241,2019,1,'1'),(23,148,206,206,2019,1,'1'),(24,212,199,212,2019,1,'1'),(25,240,199,240,2019,1,'1'),(26,112,199,199,2019,1,'1'),(27,240,179,240,2019,1,'1'),(28,82,179,179,2019,1,'1'),(29,169,179,179,2019,1,'1'),(30,168,179,179,2019,1,'1'),(31,203,179,179,2019,1,'1'),(32,212,241,241,2019,1,'1'),(33,179,241,179,2019,1,'1'),(34,168,241,241,2019,1,'1'),(35,168,241,168,2019,1,'1'),(36,96,82,82,2019,1,'1'),(37,83,96,96,2019,1,'1'),(38,212,137,212,2019,1,'1'),(39,230,137,230,2019,1,'1'),(40,198,240,240,2019,1,'1'),(41,82,212,212,2019,1,'1'),(42,83,41,41,2019,1,'1'),(43,169,41,169,2019,1,'1'),(44,203,41,203,2019,1,'1'),(45,96,217,217,2019,1,'1'),(46,168,217,168,2019,1,'1'),(47,50,217,50,2019,1,'1'),(48,170,273,170,2019,1,'2'),(49,133,273,133,2019,1,'2'),(50,1,53,1,2019,1,'2'),(51,242,53,53,2019,1,'2'),(52,215,3,215,2019,1,'2'),(53,243,52,52,2019,1,'2'),(54,272,52,272,2019,1,'2'),(55,171,52,171,2019,1,'2'),(56,52,216,52,2019,1,'2'),(57,231,4,231,2019,1,'2'),(58,204,5,204,2019,1,'2'),(59,256,5,5,2019,1,'2'),(60,231,258,258,2019,1,'2'),(61,231,258,231,2019,1,'2'),(62,231,149,231,2019,1,'2'),(63,40,149,149,2019,1,'2'),(64,2,243,243,2019,1,'2'),(65,149,243,243,2019,1,'2'),(66,215,243,243,2019,1,'2'),(67,272,204,272,2019,1,'2'),(68,171,204,171,2019,1,'2'),(69,113,40,40,2019,1,'2'),(70,258,40,258,2019,1,'2'),(71,117,170,170,2019,1,'2'),(72,52,170,52,2019,1,'2'),(73,232,170,232,2019,1,'2'),(74,244,171,171,2019,1,'2'),(75,3,171,171,2019,1,'2'),(76,52,171,52,2019,1,'2'),(77,272,171,171,2019,1,'2'),(78,243,171,171,2019,1,'2'),(79,117,171,171,2019,1,'2'),(80,232,171,171,2019,1,'2'),(81,204,232,204,2019,1,'2'),(82,97,232,232,2019,1,'2'),(83,256,138,138,2019,1,'2'),(84,204,138,204,2019,1,'2'),(85,53,138,138,2019,1,'2'),(86,97,138,97,2019,1,'2'),(87,232,211,232,2019,1,'2'),(88,133,211,133,2019,1,'2'),(89,170,7,170,2019,1,'2'),(90,113,7,7,2019,1,'2'),(91,4,7,4,2019,1,'2'),(92,216,2,216,2019,1,'2'),(93,5,1,1,2019,1,'2'),(94,133,1,1,2019,1,'2'),(95,150,215,150,2019,1,'2'),(96,215,205,215,2019,1,'2'),(97,3,162,3,2019,1,'2'),(98,244,162,244,2019,1,'2'),(99,216,231,231,2019,1,'2'),(100,244,231,231,2019,1,'2'),(101,232,231,232,2019,1,'2'),(102,273,46,273,2019,1,'2'),(103,4,46,4,2019,1,'2'),(104,133,97,97,2019,1,'2'),(105,232,97,232,2019,1,'2'),(106,4,97,97,2019,1,'2'),(107,205,272,272,2019,1,'2'),(108,258,272,272,2019,1,'2'),(109,171,272,171,2019,1,'2'),(110,242,117,117,2019,1,'2'),(111,1,117,117,2019,1,'2'),(112,1,117,117,2019,1,'2'),(113,272,150,272,2019,1,'2'),(114,244,150,244,2019,1,'2'),(115,230,111,230,2018,2,'1'),(116,17,19,19,2018,2,'1'),(117,262,19,262,2018,2,'1'),(118,241,19,19,2018,2,'1'),(119,118,134,134,2018,2,'1'),(120,108,71,108,2018,2,'1'),(121,230,71,230,2018,2,'1'),(122,134,71,71,2018,2,'1'),(123,199,22,199,2018,2,'1'),(124,18,22,18,2018,2,'1'),(125,168,22,22,2018,2,'1'),(126,240,139,139,2018,2,'1'),(127,146,139,139,2018,2,'1'),(128,263,139,139,2018,2,'1'),(129,19,139,139,2018,2,'1'),(130,77,143,143,2018,2,'1'),(131,109,143,143,2018,2,'1'),(132,19,143,19,2018,2,'1'),(133,151,203,203,2018,2,'1'),(134,41,181,181,2018,2,'1'),(135,203,181,203,2018,2,'1'),(136,17,85,17,2018,2,'1'),(137,139,85,139,2018,2,'1'),(138,241,225,241,2018,2,'1'),(139,199,225,199,2018,2,'1'),(140,203,225,225,2018,2,'1'),(141,51,151,151,2018,2,'1'),(142,18,151,18,2018,2,'1'),(143,18,263,263,2018,2,'1'),(144,230,263,263,2018,2,'1'),(145,19,263,19,2018,2,'1'),(146,203,230,203,2018,2,'1'),(147,151,152,151,2018,2,'1'),(148,143,152,152,2018,2,'1'),(149,179,168,179,2018,2,'1'),(150,146,169,146,2018,2,'1'),(151,109,169,109,2018,2,'1'),(152,203,18,203,2018,2,'1'),(153,181,109,181,2018,2,'1'),(154,108,84,108,2018,2,'1'),(155,217,51,51,2018,2,'1'),(156,108,51,51,2018,2,'1'),(157,139,51,139,2018,2,'1'),(158,217,135,217,2018,2,'1'),(159,17,206,206,2018,2,'1'),(160,199,206,206,2018,2,'1'),(161,84,206,206,2018,2,'1'),(162,19,206,19,2018,2,'1'),(163,212,142,142,2018,2,'1'),(164,199,142,199,2018,2,'1'),(165,206,142,206,2018,2,'1'),(166,198,142,142,2018,2,'1'),(167,41,146,146,2018,2,'1'),(168,152,146,146,2018,2,'1'),(169,151,146,151,2018,2,'1'),(170,119,39,39,2018,2,'1'),(171,240,39,240,2018,2,'1'),(172,151,39,151,2018,2,'1'),(173,263,199,263,2018,2,'1'),(174,240,179,240,2018,2,'1'),(175,143,179,143,2018,2,'1'),(176,206,241,241,2018,2,'1'),(177,181,241,241,2018,2,'1'),(178,203,241,241,2018,2,'1'),(179,240,262,240,2018,2,'1'),(180,135,262,262,2018,2,'1'),(181,118,262,262,2018,2,'1'),(182,19,262,19,2018,2,'1'),(183,225,77,225,2018,2,'1'),(184,203,108,203,2018,2,'1'),(185,198,108,108,2018,2,'1'),(186,179,8,179,2018,2,'1'),(187,151,8,151,2018,2,'1'),(188,241,240,240,2018,2,'1'),(189,139,240,240,2018,2,'1'),(190,230,212,230,2018,2,'1'),(191,134,212,212,2018,2,'1'),(192,19,217,19,2018,2,'1'),(193,110,217,217,2018,2,'1'),(194,199,119,199,2018,2,'1'),(195,238,100,100,2018,2,'2'),(196,153,100,100,2018,2,'2'),(197,243,100,243,2018,2,'2'),(198,244,100,244,2018,2,'2'),(199,264,78,264,2018,2,'2'),(200,124,264,264,2018,2,'2'),(201,140,264,140,2018,2,'2'),(202,40,3,40,2018,2,'2'),(203,215,3,215,2018,2,'2'),(204,172,42,42,2018,2,'2'),(205,243,42,243,2018,2,'2'),(206,244,42,244,2018,2,'2'),(207,124,216,124,2018,2,'2'),(208,103,124,124,2018,2,'2'),(209,244,124,244,2018,2,'2'),(210,173,12,173,2018,2,'2'),(211,264,5,5,2018,2,'2'),(212,140,5,140,2018,2,'2'),(213,272,182,182,2018,2,'2'),(214,70,182,182,2018,2,'2'),(215,15,105,105,2018,2,'2'),(216,114,105,114,2018,2,'2'),(217,42,70,42,2018,2,'2'),(218,27,243,243,2018,2,'2'),(219,140,243,243,2018,2,'2'),(220,173,243,173,2018,2,'2'),(221,140,243,243,2018,2,'2'),(222,40,243,243,2018,2,'2'),(223,52,204,204,2018,2,'2'),(224,40,204,40,2018,2,'2'),(225,141,204,204,2018,2,'2'),(226,68,204,204,2018,2,'2'),(227,78,147,147,2018,2,'2'),(228,193,25,193,2018,2,'2'),(229,256,144,144,2018,2,'2'),(230,27,144,27,2018,2,'2'),(231,182,114,114,2018,2,'2'),(232,205,114,205,2018,2,'2'),(233,5,40,40,2018,2,'2'),(234,171,40,171,2018,2,'2'),(235,244,40,40,2018,2,'2'),(236,68,170,170,2018,2,'2'),(237,120,170,170,2018,2,'2'),(238,113,170,113,2018,2,'2'),(239,272,172,272,2018,2,'2'),(240,121,173,173,2018,2,'2'),(241,231,173,173,2018,2,'2'),(242,182,171,171,2018,2,'2'),(243,6,171,171,2018,2,'2'),(244,173,171,173,2018,2,'2'),(245,173,171,173,2018,2,'2'),(246,243,171,171,2018,2,'2'),(247,121,265,121,2018,2,'2'),(248,244,28,244,2018,2,'2'),(249,147,28,28,2018,2,'2'),(250,140,28,140,2018,2,'2'),(251,5,244,5,2018,2,'2'),(252,265,244,244,2018,2,'2'),(253,204,244,244,2018,2,'2'),(254,205,104,104,2018,2,'2'),(255,28,104,28,2018,2,'2'),(256,3,120,3,2018,2,'2'),(257,214,138,214,2018,2,'2'),(258,104,60,104,2018,2,'2'),(259,242,211,211,2018,2,'2'),(260,144,211,211,2018,2,'2'),(261,104,211,211,2018,2,'2'),(262,171,211,171,2018,2,'2'),(263,28,211,28,2018,2,'2'),(264,215,214,214,2018,2,'2'),(265,42,214,42,2018,2,'2'),(266,204,214,204,2018,2,'2'),(267,113,141,113,2018,2,'2'),(268,3,180,3,2018,2,'2'),(269,68,180,68,2018,2,'2'),(270,28,121,28,2018,2,'2'),(271,95,140,140,2018,2,'2'),(272,256,140,140,2018,2,'2'),(273,153,140,140,2018,2,'2'),(274,215,140,140,2018,2,'2'),(275,114,215,215,2018,2,'2'),(276,15,215,215,2018,2,'2'),(277,20,205,205,2018,2,'2'),(278,232,205,205,2018,2,'2'),(279,27,205,205,2018,2,'2'),(280,244,205,244,2018,2,'2'),(281,40,79,40,2018,2,'2'),(282,21,231,231,2018,2,'2'),(283,113,231,231,2018,2,'2'),(284,193,231,231,2018,2,'2'),(285,205,231,205,2018,2,'2'),(286,215,272,215,2018,2,'2'),(287,79,113,113,2018,2,'2'),(288,28,113,28,2018,2,'2'),(289,103,117,117,2018,2,'2'),(290,147,117,117,2018,2,'2'),(291,173,117,173,2018,2,'2'),(292,205,117,205,2018,2,'2'),(293,6,194,6,2018,2,'2'),(294,105,6,6,2018,2,'2'),(295,113,6,113,2018,2,'2'),(296,170,193,193,2018,2,'2'),(297,114,193,114,2018,2,'2'),(298,232,153,153,2018,2,'2'),(299,20,153,153,2018,2,'2'),(300,89,174,89,2018,2,'4'),(301,136,174,174,2018,2,'4'),(302,155,174,174,2018,2,'4'),(303,259,266,266,2018,2,'4'),(304,207,48,207,2018,2,'4'),(305,43,156,156,2018,2,'4'),(306,218,66,218,2018,2,'4'),(307,197,66,66,2018,2,'4'),(308,274,66,66,2018,2,'4'),(309,156,66,66,2018,2,'4'),(310,233,89,89,2018,2,'4'),(311,174,89,89,2018,2,'4'),(312,66,89,89,2018,2,'4'),(313,89,208,89,2018,2,'4'),(314,66,208,66,2018,2,'4'),(315,197,233,233,2018,2,'4'),(316,259,233,233,2018,2,'4'),(317,156,233,233,2018,2,'4'),(318,89,233,233,2018,2,'4'),(319,266,252,252,2018,2,'4'),(320,274,252,252,2018,2,'4'),(321,218,252,218,2018,2,'4'),(322,174,252,174,2018,2,'4'),(323,156,277,156,2018,2,'4'),(324,266,277,266,2018,2,'4'),(325,155,43,155,2018,2,'4'),(326,245,43,43,2018,2,'4'),(327,48,43,43,2018,2,'4'),(328,208,245,208,2018,2,'4'),(329,266,155,155,2018,2,'4'),(330,66,218,66,2018,2,'4'),(331,155,207,207,2018,2,'4'),(332,218,207,207,2018,2,'4'),(333,233,207,233,2018,2,'4'),(334,89,207,89,2018,2,'4'),(335,208,136,208,2018,2,'4'),(336,106,247,247,2018,2,'3'),(337,219,247,247,2018,2,'3'),(338,239,247,247,2018,2,'3'),(339,246,247,246,2018,2,'3'),(340,64,115,64,2018,2,'3'),(341,209,115,115,2018,2,'3'),(342,260,157,260,2018,2,'3'),(343,13,267,267,2018,2,'3'),(344,127,278,278,2018,2,'3'),(345,115,278,115,2018,2,'3'),(346,65,72,65,2018,2,'3'),(347,220,72,72,2018,2,'3'),(348,234,72,234,2018,2,'3'),(349,267,64,64,2018,2,'3'),(350,247,64,247,2018,2,'3'),(351,115,64,64,2018,2,'3'),(352,107,234,234,2018,2,'3'),(353,44,234,234,2018,2,'3'),(354,131,219,219,2018,2,'3'),(355,278,219,278,2018,2,'3'),(356,157,220,157,2018,2,'3'),(357,49,220,220,2018,2,'3'),(358,239,116,239,2018,2,'3'),(359,35,65,65,2018,2,'3'),(360,234,65,234,2018,2,'3'),(361,209,81,81,2018,2,'3'),(362,90,81,90,2018,2,'3'),(363,267,81,267,2018,2,'3'),(364,178,271,271,2018,2,'3'),(365,246,271,271,2018,2,'3'),(366,239,271,239,2018,2,'3'),(367,246,271,246,2018,2,'3'),(368,234,268,268,2018,2,'3'),(369,65,268,268,2018,2,'3'),(370,246,268,246,2018,2,'3'),(371,49,269,49,2018,2,'3'),(372,63,131,131,2018,2,'3'),(373,128,131,128,2018,2,'3'),(374,115,13,115,2018,2,'3'),(375,115,54,115,2018,2,'3'),(376,268,128,268,2018,2,'3'),(377,106,128,128,2018,2,'3'),(378,267,128,128,2018,2,'3'),(379,90,246,90,2018,2,'3'),(380,63,246,246,2018,2,'3'),(381,64,246,246,2018,2,'3'),(382,49,90,90,2018,2,'3'),(383,29,90,90,2018,2,'3'),(384,44,90,90,2018,2,'3'),(385,268,90,90,2018,2,'3'),(386,247,90,90,2018,2,'3'),(387,54,35,35,2018,2,'3'),(388,260,35,260,2018,2,'3'),(389,127,16,16,2018,2,'3'),(390,44,16,44,2018,2,'3'),(391,128,16,128,2018,2,'3'),(392,278,44,44,2018,2,'3'),(393,128,44,44,2018,2,'3'),(394,116,29,29,2018,2,'3'),(395,209,29,209,2018,2,'3'),(396,234,26,234,2018,2,'3'),(397,63,26,63,2018,2,'3'),(398,268,167,268,2018,2,'3'),(399,63,167,63,2018,2,'3'),(400,246,107,246,2018,2,'3'),(401,178,107,107,2018,2,'3'),(402,72,260,72,2018,2,'3'),(403,246,260,246,2018,2,'3'),(404,269,239,239,2018,2,'3'),(405,157,239,239,2018,2,'3'),(406,234,239,239,2018,2,'3'),(407,246,239,246,2018,2,'3'),(408,235,69,235,2018,2,'5'),(409,279,69,279,2018,2,'5'),(410,248,67,248,2018,2,'5'),(411,226,91,226,2018,2,'5'),(412,210,91,91,2018,2,'5'),(413,221,91,221,2018,2,'5'),(414,175,125,125,2018,2,'5'),(415,222,125,125,2018,2,'5'),(416,189,125,125,2018,2,'5'),(417,125,192,125,2018,2,'5'),(418,221,192,221,2018,2,'5'),(419,248,192,248,2018,2,'5'),(420,248,189,189,2018,2,'5'),(421,222,235,222,2018,2,'5'),(422,91,235,91,2018,2,'5'),(423,236,226,236,2018,2,'5'),(424,279,226,226,2018,2,'5'),(425,236,210,236,2018,2,'5'),(426,125,248,248,2018,2,'5'),(427,175,248,248,2018,2,'5'),(428,226,248,248,2018,2,'5'),(429,221,248,248,2018,2,'5'),(430,189,221,189,2018,2,'5'),(431,67,221,221,2018,2,'5'),(432,279,222,222,2018,2,'5'),(433,221,222,221,2018,2,'5'),(434,189,236,189,2018,2,'5'),(435,248,236,248,2018,2,'5'),(436,135,88,135,2017,2,'1'),(437,139,88,139,2017,2,'1'),(438,241,19,19,2017,2,'1'),(439,240,19,240,2017,2,'1'),(440,206,19,206,2017,2,'1'),(441,51,22,22,2017,2,'1'),(442,240,22,240,2017,2,'1'),(443,203,22,203,2017,2,'1'),(444,142,139,139,2017,2,'1'),(445,206,203,206,2017,2,'1'),(446,80,203,203,2017,2,'1'),(447,249,203,203,2017,2,'1'),(448,206,203,206,2017,2,'1'),(449,19,112,19,2017,2,'1'),(450,230,112,230,2017,2,'1'),(451,203,230,230,2017,2,'1'),(452,240,168,240,2017,2,'1'),(453,168,109,168,2017,2,'1'),(454,241,45,241,2017,2,'1'),(455,112,80,112,2017,2,'1'),(456,183,61,61,2017,2,'1'),(457,230,61,230,2017,2,'1'),(458,203,135,203,2017,2,'1'),(459,230,206,206,2017,2,'1'),(460,240,206,240,2017,2,'1'),(461,240,206,240,2017,2,'1'),(462,139,206,206,2017,2,'1'),(463,230,206,206,2017,2,'1'),(464,241,142,241,2017,2,'1'),(465,169,142,142,2017,2,'1'),(466,139,199,199,2017,2,'1'),(467,22,199,22,2017,2,'1'),(468,135,241,241,2017,2,'1'),(469,206,241,206,2017,2,'1'),(470,109,249,249,2017,2,'1'),(471,19,249,19,2017,2,'1'),(472,199,249,249,2017,2,'1'),(473,240,217,240,2017,2,'1'),(474,203,217,203,2017,2,'1'),(475,169,183,183,2017,2,'1'),(476,45,183,183,2017,2,'1'),(477,199,183,199,2017,2,'1'),(478,140,53,140,2017,2,'2'),(479,250,42,250,2017,2,'2'),(480,205,56,205,2017,2,'2'),(481,21,56,21,2017,2,'2'),(482,28,216,216,2017,2,'2'),(483,141,216,216,2017,2,'2'),(484,243,124,243,2017,2,'2'),(485,28,124,28,2017,2,'2'),(486,147,12,147,2017,2,'2'),(487,122,12,122,2017,2,'2'),(488,52,105,105,2017,2,'2'),(489,21,105,21,2017,2,'2'),(490,158,243,243,2017,2,'2'),(491,159,243,243,2017,2,'2'),(492,231,243,231,2017,2,'2'),(493,171,204,204,2017,2,'2'),(494,20,204,204,2017,2,'2'),(495,159,204,159,2017,2,'2'),(496,30,204,30,2017,2,'2'),(497,55,147,147,2017,2,'2'),(498,173,147,173,2017,2,'2'),(499,36,147,36,2017,2,'2'),(500,56,144,56,2017,2,'2'),(501,28,144,28,2017,2,'2'),(502,30,170,30,2017,2,'2'),(503,231,173,173,2017,2,'2'),(504,243,173,173,2017,2,'2'),(505,205,171,171,2017,2,'2'),(506,231,171,231,2017,2,'2'),(507,250,30,250,2017,2,'2'),(508,70,30,30,2017,2,'2'),(509,117,30,30,2017,2,'2'),(510,28,30,30,2017,2,'2'),(511,158,104,158,2017,2,'2'),(512,121,104,121,2017,2,'2'),(513,171,60,171,2017,2,'2'),(514,231,250,231,2017,2,'2'),(515,171,250,171,2017,2,'2'),(516,140,141,140,2017,2,'2'),(517,78,141,141,2017,2,'2'),(518,55,184,55,2017,2,'2'),(519,36,121,36,2017,2,'2'),(520,159,140,159,2017,2,'2'),(521,170,140,170,2017,2,'2'),(522,78,185,185,2017,2,'2'),(523,205,185,205,2017,2,'2'),(524,53,185,185,2017,2,'2'),(525,28,185,28,2017,2,'2'),(526,105,215,215,2017,2,'2'),(527,124,215,124,2017,2,'2'),(528,28,215,28,2017,2,'2'),(529,170,103,103,2017,2,'2'),(530,231,103,231,2017,2,'2'),(531,216,103,103,2017,2,'2'),(532,171,103,171,2017,2,'2'),(533,173,205,173,2017,2,'2'),(534,36,205,205,2017,2,'2'),(535,70,36,36,2017,2,'2'),(536,243,36,243,2017,2,'2'),(537,42,36,36,2017,2,'2'),(538,21,36,36,2017,2,'2'),(539,21,231,231,2017,2,'2'),(540,113,231,231,2017,2,'2'),(541,173,231,231,2017,2,'2'),(542,30,231,231,2017,2,'2'),(543,173,27,173,2017,2,'2'),(544,122,27,27,2017,2,'2'),(545,28,27,28,2017,2,'2'),(546,52,113,113,2017,2,'2'),(547,170,113,170,2017,2,'2'),(548,124,256,124,2017,2,'2'),(549,21,256,21,2017,2,'2'),(550,250,194,250,2017,2,'2'),(551,171,194,171,2017,2,'2'),(552,122,20,20,2017,2,'2'),(553,184,20,20,2017,2,'2'),(554,30,20,30,2017,2,'2'),(555,216,159,159,2017,2,'2'),(556,171,159,171,2017,2,'2'),(557,117,158,158,2017,2,'2'),(558,27,158,27,2017,2,'2'),(559,121,196,196,2017,2,'2'),(560,194,196,194,2017,2,'2'),(561,117,196,117,2017,2,'2'),(562,73,75,75,2017,2,'4'),(563,218,75,218,2017,2,'4'),(564,155,259,155,2017,2,'4'),(565,155,174,155,2017,2,'4'),(566,208,156,208,2017,2,'4'),(567,136,156,156,2017,2,'4'),(568,251,156,156,2017,2,'4'),(569,174,156,174,2017,2,'4'),(570,218,66,66,2017,2,'4'),(571,174,66,66,2017,2,'4'),(572,89,66,89,2017,2,'4'),(573,207,66,207,2017,2,'4'),(574,233,274,274,2017,2,'4'),(575,156,274,156,2017,2,'4'),(576,274,89,89,2017,2,'4'),(577,195,101,99,2017,2,'4'),(578,75,101,99,2017,2,'4'),(579,208,101,208,2017,2,'4'),(580,174,101,174,2017,2,'4'),(581,89,208,89,2017,2,'4'),(582,89,208,89,2017,2,'4'),(583,207,208,208,2017,2,'4'),(584,155,233,233,2017,2,'4'),(585,252,233,233,2017,2,'4'),(586,259,252,252,2017,2,'4'),(587,89,252,89,2017,2,'4'),(588,174,277,174,2017,2,'4'),(589,218,277,218,2017,2,'4'),(590,207,251,207,2017,2,'4'),(591,155,195,155,2017,2,'4'),(592,136,218,218,2017,2,'4'),(593,259,73,259,2017,2,'4'),(594,208,207,208,2017,2,'4'),(595,233,207,207,2017,2,'4'),(596,218,207,207,2017,2,'4'),(597,174,207,207,2017,2,'4'),(598,11,247,247,2017,2,'3'),(599,209,58,209,2017,2,'3'),(600,29,98,29,2017,2,'3'),(601,220,176,220,2017,2,'3'),(602,234,176,176,2017,2,'3'),(603,128,176,128,2017,2,'3'),(604,116,157,157,2017,2,'3'),(605,90,14,90,2017,2,'3'),(606,246,178,178,2017,2,'3'),(607,261,178,178,2017,2,'3'),(608,270,178,270,2017,2,'3'),(609,234,188,234,2017,2,'3'),(610,220,64,220,2017,2,'3'),(611,57,64,64,2017,2,'3'),(612,234,64,234,2017,2,'3'),(613,176,234,176,2017,2,'3'),(614,58,234,234,2017,2,'3'),(615,178,219,219,2017,2,'3'),(616,220,219,219,2017,2,'3'),(617,247,219,247,2017,2,'3'),(618,90,219,90,2017,2,'3'),(619,98,220,220,2017,2,'3'),(620,29,220,29,2017,2,'3'),(621,76,116,116,2017,2,'3'),(622,176,163,176,2017,2,'3'),(623,188,163,188,2017,2,'3'),(624,54,24,24,2017,2,'3'),(625,157,24,157,2017,2,'3'),(626,261,65,65,2017,2,'3'),(627,24,65,65,2017,2,'3'),(628,157,65,157,2017,2,'3'),(629,157,270,157,2017,2,'3'),(630,14,270,270,2017,2,'3'),(631,106,269,106,2017,2,'3'),(632,58,269,58,2017,2,'3'),(633,247,187,247,2017,2,'3'),(634,107,76,76,2017,2,'3'),(635,187,57,57,2017,2,'3'),(636,219,54,219,2017,2,'3'),(637,76,128,128,2017,2,'3'),(638,123,128,128,2017,2,'3'),(639,219,128,219,2017,2,'3'),(640,270,128,128,2017,2,'3'),(641,54,246,54,2017,2,'3'),(642,157,90,90,2017,2,'3'),(643,65,90,90,2017,2,'3'),(644,247,90,247,2017,2,'3'),(645,247,90,247,2017,2,'3'),(646,128,90,90,2017,2,'3'),(647,29,90,90,2017,2,'3'),(648,116,123,123,2017,2,'3'),(649,270,123,270,2017,2,'3'),(650,106,209,106,2017,2,'3'),(651,188,209,209,2017,2,'3'),(652,64,29,64,2017,2,'3'),(653,209,29,29,2017,2,'3'),(654,157,29,29,2017,2,'3'),(655,57,11,11,2017,2,'3'),(656,29,11,29,2017,2,'3'),(657,24,47,24,2017,2,'3'),(658,261,47,261,2017,2,'3'),(659,57,107,57,2017,2,'3'),(660,247,106,247,2017,2,'3'),(661,29,106,29,2017,2,'3'),(662,166,175,175,2017,2,'5'),(663,189,69,189,2017,2,'5'),(664,189,125,189,2017,2,'5'),(665,189,125,125,2017,2,'5'),(666,210,125,125,2017,2,'5'),(667,67,189,189,2017,2,'5'),(668,222,189,222,2017,2,'5'),(669,69,189,189,2017,2,'5'),(670,210,189,189,2017,2,'5'),(671,236,210,210,2017,2,'5'),(672,175,210,210,2017,2,'5'),(673,125,248,125,2017,2,'5'),(674,175,248,175,2017,2,'5'),(675,125,222,125,2017,2,'5'),(676,67,222,222,2017,2,'5'),(677,175,222,175,2017,2,'5'),(678,175,236,236,2017,2,'5'),(679,210,236,210,2017,2,'5'),(680,280,236,236,2017,2,'5'),(681,189,236,236,2017,2,'5'),(682,210,166,210,2017,2,'5'),(683,248,280,248,2017,2,'5'),(684,206,161,206,2016,2,'1'),(685,240,161,240,2016,2,'1'),(686,31,203,203,2016,2,'1'),(687,80,203,203,2016,2,'1'),(688,169,203,169,2016,2,'1'),(689,240,37,240,2016,2,'1'),(690,160,93,93,2016,2,'1'),(691,168,93,168,2016,2,'1'),(692,249,93,249,2016,2,'1'),(693,230,227,227,2016,2,'1'),(694,112,227,227,2016,2,'1'),(695,249,112,112,2016,2,'1'),(696,203,112,112,2016,2,'1'),(697,240,112,112,2016,2,'1'),(698,206,112,206,2016,2,'1'),(699,37,230,230,2016,2,'1'),(700,169,230,169,2016,2,'1'),(701,177,31,31,2016,2,'1'),(702,249,31,249,2016,2,'1'),(703,227,168,227,2016,2,'1'),(704,206,168,206,2016,2,'1'),(705,161,169,161,2016,2,'1'),(706,177,169,169,2016,2,'1'),(707,168,80,168,2016,2,'1'),(708,160,80,80,2016,2,'1'),(709,38,206,206,2016,2,'1'),(710,168,206,168,2016,2,'1'),(711,227,206,206,2016,2,'1'),(712,169,206,206,2016,2,'1'),(713,240,249,240,2016,2,'1'),(714,169,38,169,2016,2,'1'),(715,227,240,227,2016,2,'1'),(716,12,52,52,2016,2,'2'),(717,162,56,162,2016,2,'2'),(718,253,56,253,2016,2,'2'),(719,205,216,205,2016,2,'2'),(720,231,216,231,2016,2,'2'),(721,30,124,30,2016,2,'2'),(722,129,124,124,2016,2,'2'),(723,231,124,231,2016,2,'2'),(724,171,12,171,2016,2,'2'),(725,70,105,105,2016,2,'2'),(726,27,105,27,2016,2,'2'),(727,104,70,70,2016,2,'2'),(728,231,70,231,2016,2,'2'),(729,103,243,243,2016,2,'2'),(730,27,243,243,2016,2,'2'),(731,204,243,204,2016,2,'2'),(732,231,243,231,2016,2,'2'),(733,113,32,113,2016,2,'2'),(734,231,204,231,2016,2,'2'),(735,12,144,12,2016,2,'2'),(736,185,171,171,2016,2,'2'),(737,103,171,103,2016,2,'2'),(738,86,201,86,2016,2,'2'),(739,12,201,12,2016,2,'2'),(740,171,30,171,2016,2,'2'),(741,32,30,30,2016,2,'2'),(742,103,30,103,2016,2,'2'),(743,211,28,211,2016,2,'2'),(744,28,104,28,2016,2,'2'),(745,205,253,205,2016,2,'2'),(746,28,253,253,2016,2,'2'),(747,144,60,60,2016,2,'2'),(748,86,60,86,2016,2,'2'),(749,250,60,250,2016,2,'2'),(750,205,86,86,2016,2,'2'),(751,231,86,231,2016,2,'2'),(752,52,250,52,2016,2,'2'),(753,215,223,215,2016,2,'2'),(754,162,211,211,2016,2,'2'),(755,171,211,211,2016,2,'2'),(756,117,211,117,2016,2,'2'),(757,124,211,124,2016,2,'2'),(758,204,121,204,2016,2,'2'),(759,124,185,124,2016,2,'2'),(760,32,215,32,2016,2,'2'),(761,212,103,103,2016,2,'2'),(762,105,205,205,2016,2,'2'),(763,27,205,205,2016,2,'2'),(764,124,205,124,2016,2,'2'),(765,223,254,254,2016,2,'2'),(766,124,254,124,2016,2,'2'),(767,231,162,162,2016,2,'2'),(768,103,162,103,2016,2,'2'),(769,113,231,231,2016,2,'2'),(770,52,231,231,2016,2,'2'),(771,103,231,231,2016,2,'2'),(772,33,129,129,2016,2,'2'),(773,253,129,129,2016,2,'2'),(774,250,27,27,2016,2,'2'),(775,254,113,113,2016,2,'2'),(776,86,113,113,2016,2,'2'),(777,117,113,113,2016,2,'2'),(778,52,117,117,2016,2,'2'),(779,204,117,117,2016,2,'2'),(780,231,117,231,2016,2,'2'),(781,121,212,212,2016,2,'2'),(782,212,165,165,2016,2,'2'),(783,129,165,165,2016,2,'2'),(784,113,165,113,2016,2,'2'),(785,124,165,124,2016,2,'2'),(786,103,33,103,2016,2,'2'),(787,204,158,204,2016,2,'2'),(788,27,158,27,2016,2,'2'),(789,261,98,98,2016,2,'3'),(790,86,157,86,2016,2,'3'),(791,123,190,190,2016,2,'3'),(792,98,190,190,2016,2,'3'),(793,86,190,86,2016,2,'3'),(794,64,145,64,2016,2,'3'),(795,255,145,145,2016,2,'3'),(796,246,145,145,2016,2,'3'),(797,261,188,188,2016,2,'3'),(798,209,188,209,2016,2,'3'),(799,145,188,145,2016,2,'3'),(800,237,64,237,2016,2,'3'),(801,228,64,64,2016,2,'3'),(802,209,64,209,2016,2,'3'),(803,126,234,234,2016,2,'3'),(804,64,234,64,2016,2,'3'),(805,29,234,234,2016,2,'3'),(806,34,219,219,2016,2,'3'),(807,157,219,219,2016,2,'3'),(808,237,219,237,2016,2,'3'),(809,229,219,219,2016,2,'3'),(810,234,219,219,2016,2,'3'),(811,255,228,228,2016,2,'3'),(812,269,228,228,2016,2,'3'),(813,220,228,220,2016,2,'3'),(814,86,228,228,2016,2,'3'),(815,145,228,228,2016,2,'3'),(816,237,220,220,2016,2,'3'),(817,123,116,123,2016,2,'3'),(818,220,163,220,2016,2,'3'),(819,229,163,229,2016,2,'3'),(820,163,24,163,2016,2,'3'),(821,128,24,128,2016,2,'3'),(822,116,237,237,2016,2,'3'),(823,190,237,237,2016,2,'3'),(824,209,237,209,2016,2,'3'),(825,220,128,220,2016,2,'3'),(826,234,246,234,2016,2,'3'),(827,128,246,246,2016,2,'3'),(828,123,261,261,2016,2,'3'),(829,29,34,29,2016,2,'3'),(830,86,186,86,2016,2,'3'),(831,186,209,209,2016,2,'3'),(832,106,209,209,2016,2,'3'),(833,220,209,220,2016,2,'3'),(834,220,209,209,2016,2,'3'),(835,219,209,209,2016,2,'3'),(836,157,29,157,2016,2,'3'),(837,261,29,29,2016,2,'3'),(838,246,229,246,2016,2,'3'),(839,126,229,229,2016,2,'3'),(840,269,229,229,2016,2,'3'),(841,86,106,106,2016,2,'3'),(842,29,106,29,2016,2,'3'),(843,66,174,174,2016,2,'4'),(844,9,101,9,2016,2,'4'),(845,89,275,89,2016,2,'4'),(846,259,218,259,2016,2,'4'),(847,224,274,224,2016,2,'4'),(848,156,191,156,2016,2,'4'),(849,156,195,156,2016,2,'4'),(850,9,155,155,2016,2,'4'),(851,89,207,207,2016,2,'4'),(852,233,259,233,2016,2,'4'),(853,252,74,252,2016,2,'4'),(854,224,62,224,2016,2,'4'),(855,202,156,156,2016,2,'4'),(856,251,59,251,2016,2,'4'),(857,174,155,155,2016,2,'4'),(858,207,233,207,2016,2,'4'),(859,252,224,252,2016,2,'4'),(860,156,251,251,2016,2,'4'),(861,155,207,207,2016,2,'4'),(862,252,251,252,2016,2,'4'),(863,207,252,207,2016,2,'4'),(864,207,89,207,2016,2,'4'),(865,66,59,59,2016,2,'4'),(866,99,202,99,2016,2,'4'),(867,275,62,275,2016,2,'4'),(868,218,74,218,2016,2,'4'),(869,274,89,89,2016,2,'4'),(870,191,9,9,2016,2,'4'),(871,59,101,59,2016,2,'4'),(872,275,218,218,2016,2,'4'),(873,259,89,89,2016,2,'4'),(874,9,195,9,2016,2,'4'),(875,59,233,233,2016,2,'4'),(876,218,174,218,2016,2,'4'),(877,89,156,89,2016,2,'4'),(878,9,224,9,2016,2,'4'),(879,233,218,218,2016,2,'4'),(880,89,9,89,2016,2,'4'),(881,218,251,251,2016,2,'4'),(882,89,155,89,2016,2,'4'),(883,251,89,89,2016,2,'4'),(884,89,252,89,2016,2,'4'),(885,130,164,130,2016,2,'5'),(886,248,210,210,2016,2,'5'),(887,23,236,23,2016,2,'5'),(888,67,125,125,2016,2,'5'),(889,222,175,175,2016,2,'5'),(890,257,10,257,2016,2,'5'),(891,130,210,130,2016,2,'5'),(892,23,125,125,2016,2,'5'),(893,226,175,175,2016,2,'5'),(894,257,92,92,2016,2,'5'),(895,130,125,130,2016,2,'5'),(896,175,92,92,2016,2,'5'),(897,130,92,92,2016,2,'5'),(898,92,130,92,2016,2,'5'),(899,164,248,248,2016,2,'5'),(900,236,67,236,2016,2,'5'),(901,248,257,248,2016,2,'5'),(902,236,226,226,2016,2,'5'),(903,222,23,222,2016,2,'5'),(904,10,210,210,2016,2,'5'),(905,248,226,248,2016,2,'5'),(906,222,210,222,2016,2,'5'),(907,248,175,248,2016,2,'5'),(908,222,125,222,2016,2,'5'),(909,248,222,222,2016,2,'5'),(910,222,130,130,2016,2,'5');
/*!40000 ALTER TABLE `combate` ENABLE KEYS */;
UNLOCK TABLES;

--
-- Table structure for table `competicao`
--

DROP TABLE IF EXISTS `competicao`;
/*!40101 SET @saved_cs_client     = @@character_set_client */;
/*!40101 SET character_set_client = utf8 */;
CREATE TABLE `competicao` (
  `ID` int(11) NOT NULL,
  `NOME` varchar(255) DEFAULT NULL,
  `ORGANIZADOR` varchar(255) DEFAULT NULL,
  PRIMARY KEY (`ID`)
) ENGINE=InnoDB DEFAULT CHARSET=utf8;
/*!40101 SET character_set_client = @saved_cs_client */;

--
-- Dumping data for table `competicao`
--

LOCK TABLES `competicao` WRITE;
/*!40000 ALTER TABLE `competicao` DISABLE KEYS */;
INSERT INTO `competicao` VALUES (1,'IronCup',NULL),(2,'WinterChallenge',NULL);
/*!40000 ALTER TABLE `competicao` ENABLE KEYS */;
UNLOCK TABLES;

--
-- Table structure for table `equipe`
--

DROP TABLE IF EXISTS `equipe`;
/*!40101 SET @saved_cs_client     = @@character_set_client */;
/*!40101 SET character_set_client = utf8 */;
CREATE TABLE `equipe` (
  `ID` int(11) NOT NULL,
  `NOME` varchar(255) NOT NULL,
  `ENTIDADE` varchar(255) DEFAULT NULL,
  `CIDADE` varchar(255) DEFAULT NULL,
  `ESTADO` varchar(255) DEFAULT NULL,
  PRIMARY KEY (`ID`)
) ENGINE=InnoDB DEFAULT CHARSET=utf8;
/*!40101 SET character_set_client = @saved_cs_client */;

--
-- Dumping data for table `equipe`
--

LOCK TABLES `equipe` WRITE;
/*!40000 ALTER TABLE `equipe` DISABLE KEYS */;
INSERT INTO `equipe` VALUES (1,'AGVS Combat',NULL,NULL,NULL),(2,'ANDROIDOSS',NULL,NULL,NULL),(3,'Angry Bots',NULL,NULL,NULL),(4,'Bodetronic',NULL,NULL,NULL),(5,'BOTCEM',NULL,NULL,NULL),(6,'BrBots',NULL,NULL,NULL),(7,'Capivara Mecânica',NULL,NULL,NULL),(8,'Carranca',NULL,NULL,NULL),(9,'Chronos',NULL,NULL,NULL),(10,'CRAFT',NULL,NULL,NULL),(11,'CrossBots',NULL,NULL,NULL),(12,'CRS',NULL,NULL,NULL),(13,'CTOR',NULL,NULL,NULL),(14,'Destroyer',NULL,NULL,NULL),(15,'Dinotronics',NULL,NULL,NULL),(16,'Divabotz',NULL,NULL,NULL),(17,'DotBotz',NULL,NULL,NULL),(18,'DragonBotz',NULL,NULL,NULL),(19,'E. R. S. Caetano',NULL,NULL,NULL),(20,'Engenharia Reversa',NULL,NULL,NULL),(21,'Equipe Atena',NULL,NULL,NULL),(22,'Equipe Phoenix',NULL,NULL,NULL),(23,'Equipe Sucatão',NULL,NULL,NULL),(24,'Equipe Yapira',NULL,NULL,NULL),(25,'Fire',NULL,NULL,NULL),(26,'Galera da Malha Fechada',NULL,NULL,NULL),(27,'Gaudério Botz',NULL,NULL,NULL),(28,'GaudérioBotz',NULL,NULL,NULL),(29,'GC_Roboteam',NULL,NULL,NULL),(30,'GERM Udesc',NULL,NULL,NULL),(31,'Goytaborgs',NULL,NULL,NULL),(32,'HIGH VOLTAGE',NULL,NULL,NULL),(33,'IF Robótica',NULL,NULL,NULL),(34,'Imperial Botz',NULL,NULL,NULL),(35,'Império',NULL,NULL,NULL),(36,'Kamahi',NULL,NULL,NULL),(37,'Kimauánisso',NULL,NULL,NULL),(38,'Konar',NULL,NULL,NULL),(39,'Maracatronics',NULL,NULL,NULL),(40,'MetaBotz',NULL,NULL,NULL),(41,'MinervaBots',NULL,NULL,NULL),(42,'Nehrebecki',NULL,NULL,NULL),(43,'Nova Robots',NULL,NULL,NULL),(44,'ODDBotz',NULL,NULL,NULL),(45,'OESC-Spark',NULL,NULL,NULL),(46,'Ogrobots',NULL,NULL,NULL),(47,'OmegaBotz',NULL,NULL,NULL),(48,'PandaBotz',NULL,NULL,NULL),(49,'Phoenix',NULL,NULL,NULL),(50,'Politronic',NULL,NULL,NULL),(51,'Project Neon',NULL,NULL,NULL),(52,'PUC PC',NULL,NULL,NULL),(53,'PUC PR',NULL,NULL,NULL),(54,'Quantum Team',NULL,NULL,NULL),(55,'RedBone',NULL,NULL,NULL),(56,'RioBotz',NULL,NULL,NULL),(57,'RoboIME',NULL,NULL,NULL),(58,'RobotBulls',NULL,NULL,NULL),(59,'Robótica Tera',NULL,NULL,NULL),(60,'RobotZoando',NULL,NULL,NULL),(61,'Salvador Vipers',NULL,NULL,NULL),(62,'SanjaBots',NULL,NULL,NULL),(63,'SIGMA',NULL,NULL,NULL),(64,'SMASH',NULL,NULL,NULL),(65,'StarkBotz',NULL,NULL,NULL),(66,'TamanduTech',NULL,NULL,NULL),(67,'Team Haka Robotics',NULL,NULL,NULL),(68,'ThunderRatz',NULL,NULL,NULL),(69,'Titans',NULL,NULL,NULL),(70,'TrincaBotz',NULL,NULL,NULL),(71,'Triton Robots',NULL,NULL,NULL),(72,'TROIA',NULL,NULL,NULL),(73,'Twin Bots',NULL,NULL,NULL),(74,'Uai!rrior',NULL,NULL,NULL),(75,'UERJBotz',NULL,NULL,NULL),(76,'Vingador',NULL,NULL,NULL),(77,'Waltech',NULL,NULL,NULL),(78,'Warthog Robotics',NULL,NULL,NULL),(79,'WickedBotz',NULL,NULL,NULL),(80,'WolfBotz',NULL,NULL,NULL),(81,'X-Bots Robótica',NULL,NULL,NULL),(82,'YAPIRA',NULL,NULL,NULL),(83,'Ztronics Unip',NULL,NULL,NULL);
/*!40000 ALTER TABLE `equipe` ENABLE KEYS */;
UNLOCK TABLES;

--
-- Table structure for table `robo`
--

DROP TABLE IF EXISTS `robo`;
/*!40101 SET @saved_cs_client     = @@character_set_client */;
/*!40101 SET character_set_client = utf8 */;
CREATE TABLE `robo` (
  `ID` int(11) NOT NULL,
  `NOME` varchar(255) DEFAULT NULL,
  `CATEGORIAID` int(11) NOT NULL,
  `EQUIPEID` int(11) NOT NULL,
  PRIMARY KEY (`ID`),
  KEY `EQUIPEID` (`EQUIPEID`),
  KEY `CATEGORIAID` (`CATEGORIAID`),
  CONSTRAINT `robo_ibfk_1` FOREIGN KEY (`EQUIPEID`) REFERENCES `equipe` (`ID`),
  CONSTRAINT `robo_ibfk_2` FOREIGN KEY (`CATEGORIAID`) REFERENCES `categoria` (`ID`)
) ENGINE=InnoDB DEFAULT CHARSET=utf8;
/*!40101 SET character_set_client = @saved_cs_client */;

--
-- Dumping data for table `robo`
--

LOCK TABLES `robo` WRITE;
/*!40000 ALTER TABLE `robo` DISABLE KEYS */;
INSERT INTO `robo` VALUES (1,'Freki',2,1),(2,'Geri',2,1),(3,'Twin beast',2,1),(4,'Sombra',2,1),(5,'Sextavado',2,1),(6,'ArcBeetle',2,1),(7,'Here Not Mos',2,1),(8,'Brass',1,1),(9,'Goiabada de',4,2),(10,'Fugão',5,2),(11,'Bomb',3,3),(12,'SKIM',2,4),(13,'Ghost',3,5),(14,'Striker',3,5),(15,'Muchochu',2,6),(16,'CapivaraBot',3,7),(17,'Arrocha',1,8),(18,'Malandra',1,8),(19,'Virgulino',1,8),(20,'beeg',2,8),(21,'Piranha',2,8),(22,'Thaibidh',1,8),(23,'Ajax',5,9),(24,'Kepler 186f',3,10),(25,'Punisher',2,11),(26,'Bizu',3,11),(27,'Bozinho',2,12),(28,'Megatron',2,12),(29,'Bozo',3,12),(30,'Megaware',2,12),(31,'Micro-bozo',1,12),(32,'Ribeirinho',2,12),(33,'Antrax',2,12),(34,'cupinzeiro',3,13),(35,'Cavalo de Troia',3,14),(36,'Ciclope Filé',2,15),(37,'Sewer Worm',1,15),(38,'Bin Laden',1,15),(39,'Divatronic',1,16),(40,'Opressor',2,17),(41,'Antomic',1,17),(42,'Tupã',2,17),(43,'Feather Smith',4,17),(44,'Brucutu',3,17),(45,'Lampião',1,17),(46,'Cafeína',2,17),(47,'Boitatá',3,17),(48,'TheRat',4,18),(49,'SaltoBotz Combat',3,18),(50,'Rasputinho',1,19),(51,'FacaBot Mini',1,19),(52,'Tsunami',2,19),(53,'Vira Bot Jr.',2,19),(54,'FacaBot',3,19),(55,'LiquidificaB',2,19),(56,'Tornado',2,19),(57,'FoiceBot',3,19),(58,'ViraBot',3,19),(59,'FOICE',4,19),(60,'LiquidificaBot',2,19),(61,'FacaBot-Mini',1,19),(62,'TED - Fofo',4,19),(63,'Capitão Smash',3,20),(64,'Phantom',3,21),(65,'Juleska',3,21),(66,'Spartacus',4,22),(67,'Tiger',5,22),(68,'Combatinho',2,23),(69,'Tira-dentes',5,23),(70,'Ringo',2,24),(71,'Tsunami_Mini',1,19),(72,'Reversus',3,25),(73,'CAVEIRA',4,26),(74,'Bagual',4,27),(75,'Xucro',4,28),(76,'Godzillla',3,29),(77,'Chipa',1,30),(78,'XiXo',2,30),(79,'Chineque',2,30),(80,'Fumirga Atônica',1,30),(81,'Jiraya',3,30),(82,'Catiço',1,31),(83,'Marreco',1,31),(84,'Lamparaozinho',1,31),(85,'Ramparão',1,31),(86,'LARANJA MECÂNICA',2,32),(87,'LARANJA MECÂNICA',3,32),(88,'Xer-IF',1,33),(89,'Sei Não',4,34),(90,'Cotchoco',3,34),(91,'Sucata do Agora',5,34),(92,'Agora Sei',5,34),(93,'Sei Nano',1,34),(94,'Bin Laden',1,34),(95,'Simba',2,35),(96,'cabritinha',1,36),(97,'Bode',2,36),(98,'Valmir',3,37),(99,'Roger Feathe',4,37),(100,'Zumbeetle',2,37),(101,'Roger Feather',4,37),(102,'A\'Tomek',1,38),(103,'Diabo Louro',2,39),(104,'Maria Bonita',2,39),(105,'Rossi',2,39),(106,'A la ursa',3,39),(107,'Ariano',3,39),(108,'Centurion',1,40),(109,'Lockdown',1,40),(110,'Vulcan',1,40),(111,'Vulkan',1,40),(112,'MutAnt',1,41),(113,'Bixcoito',2,41),(114,'Piranguinho',2,41),(115,'Xtronda',3,41),(116,'Monxtro',3,41),(117,'Bigode',2,41),(118,'Reforma Agrária',1,42),(119,'Andarilho',1,42),(120,'Maiquitaiçu',2,42),(121,'Fubanga',2,42),(122,'Mendingo',2,42),(123,'CHIKIRIDE',3,43),(124,'Starkiller',2,44),(125,'SCRAP',5,44),(126,'Quack',3,44),(127,'Romeu',3,45),(128,'Fabuloso',3,45),(129,'Buga',2,46),(130,'Bugalele',5,46),(131,'Hefesto',3,47),(132,'Viola',1,47),(133,'Coruja',2,47),(134,'Tucandeira',1,47),(135,'Estepuck',1,47),(136,'13Volts',4,47),(137,'Banjo',1,47),(138,'Madalena',2,47),(139,'Sun Tzu',1,48),(140,'Fera',2,48),(141,'Hannibal',2,48),(142,'Donut',1,48),(143,'Sovai',1,49),(144,'Pizzaiolo',2,49),(145,'Savuquinha',3,50),(146,'Doente',1,51),(147,'Raptor',2,52),(148,'Lobo do Kaos',1,53),(149,'Rorschach',2,53),(150,'Atroce',2,53),(151,'Pinscher',1,53),(152,'Monstrinho',1,53),(153,'3,1415',2,53),(154,'Raptor',2,53),(155,'Chackal Feather',4,53),(156,'TarugoBot Feather',4,53),(157,'TarugoBot',3,53),(158,'Adonis',2,53),(159,'Anúbis 3.0',2,53),(160,'Lobinho',1,53),(161,'Sugar',1,53),(162,'Chackira',2,53),(163,'Lycan',3,53),(164,'Hati',5,53),(165,'Anúbis 2.0',2,53),(166,'Antares I',5,54),(167,'Ashamed',3,55),(168,'Micro Touro',1,56),(169,'Micro Malone',1,56),(170,'Mini Touro',2,56),(171,'Mini Maloney',2,56),(172,'Mini Snail',2,56),(173,'Mini Puma',2,56),(174,'Touro Feather',4,56),(175,'Touro Light',5,56),(176,'Touro Jr',3,56),(177,'Micro Match',1,56),(178,'SanhAÇO',3,57),(179,'CrazyBull',1,58),(180,'Glaze',2,59),(181,'Setinha',1,60),(182,'Seta',2,60),(183,'Adacmoh',1,60),(184,'Glewbber',2,60),(185,'Edaspa',2,60),(186,'Ceudos',3,60),(187,'GUAIAMUM',3,61),(188,'Rampinha Maluca',3,62),(189,'Sabao de Côco',5,63),(190,'Snowflake',3,63),(191,'White Wave',4,63),(192,'Sabao de Côco CC',5,63),(193,'Alemão',2,64),(194,'Beetlefox',2,64),(195,'Fox Bot',4,64),(196,'42',2,64),(197,'Cão Felpudo',4,65),(198,'Storm',1,66),(199,'Cydi',1,66),(200,'Sun Tzu',1,66),(201,'Mini Haka',2,67),(202,'magia vudu',4,67),(203,'Sharkhai',1,68),(204,'Ratnik',2,68),(205,'D\'Arc',2,68),(206,'Duende',1,68),(207,'Armagedrum',4,68),(208,'REDRUM',4,68),(209,'Cachorro Louco',3,68),(210,'K-torze',5,68),(211,'Iskeiro',2,68),(212,'Atom',1,68),(213,'Atom',2,68),(214,'Hipérion',2,69),(215,'DrumsDay',2,70),(216,'Tomahawk',2,70),(217,'Antares',1,70),(218,'Cérbero',4,70),(219,'Orthus',3,70),(220,'Muzamboy',3,70),(221,'Cáragor',5,70),(222,'Asterion',5,70),(223,'JoJo',2,70),(224,'Maroto',4,70),(225,'Pulga',1,71),(226,'Orion Light',5,71),(227,'Orinho',1,71),(228,'Orion Jr.',3,71),(229,'BadBot',3,71),(230,'Muriçoca',1,72),(231,'Cavaco',2,72),(232,'Matador',2,72),(233,'Pegasus',4,72),(234,'Pé de Pano',3,72),(235,'Ragnar',5,72),(236,'Aquiles',5,72),(237,'KamiKaze',3,72),(238,'Silver Star',2,73),(239,'Alpha Wolf',3,73),(240,'Bacon',1,74),(241,'Colosso',1,74),(242,'CeifadorMC',2,74),(243,'Ricota',2,74),(244,'Martelinho',2,74),(245,'Cueio',4,74),(246,'Duck',3,74),(247,'Xupa Cabra',3,74),(248,'Federal M.T.',5,74),(249,'Brigadeiro',1,74),(250,'Kippa',2,74),(251,'Groze’',4,74),(252,'Jubileu',4,74),(253,'Macarena',2,74),(254,'Czar',2,74),(255,'Abutre',3,74),(256,'Bilbo Porradeiro',2,75),(257,'Hitter',5,76),(258,'Scofield',2,77),(259,'WarDog',4,78),(260,'Andromeda',3,78),(261,'Dog of War',3,78),(262,'Chucky',1,79),(263,'Nekron',1,79),(264,'Ultron',2,79),(265,'Mini Jason',2,79),(266,'TheRipper',4,79),(267,'Strife',3,79),(268,'Jason Origin',3,79),(269,'Jason',3,79),(270,'Jason old',3,79),(271,'Jason Reborn',3,79),(272,'Bloom',2,80),(273,'Zabuza',2,80),(274,'Shadow',4,81),(275,'T.A.Z',4,82),(276,'Ringo',2,82),(277,'Invader',4,82),(278,'Rpnz5',3,83),(279,'Snack money',5,83),(280,'Amarelo/vermelho',5,83);
/*!40000 ALTER TABLE `robo` ENABLE KEYS */;
UNLOCK TABLES;
/*!40103 SET TIME_ZONE=@OLD_TIME_ZONE */;

/*!40101 SET SQL_MODE=@OLD_SQL_MODE */;
/*!40014 SET FOREIGN_KEY_CHECKS=@OLD_FOREIGN_KEY_CHECKS */;
/*!40014 SET UNIQUE_CHECKS=@OLD_UNIQUE_CHECKS */;
/*!40101 SET CHARACTER_SET_CLIENT=@OLD_CHARACTER_SET_CLIENT */;
/*!40101 SET CHARACTER_SET_RESULTS=@OLD_CHARACTER_SET_RESULTS */;
/*!40101 SET COLLATION_CONNECTION=@OLD_COLLATION_CONNECTION */;
/*!40111 SET SQL_NOTES=@OLD_SQL_NOTES */;

-- Dump completed on 2019-08-23 16:51:21
